tag,signals,html_bytes,engine,load_ms,recalc_ms_median,recalc_ms_p95
linear49-real,4102,744304,chromium,77.551,30.814,38.425
linear49-real,4102,744304,firefox,508.409,59.317,70.465
linear49,4834,890766,chromium,78.415,29.89,52.843
linear49,4834,890766,firefox,569.098,58.311,75.486
mlp49-H8,5856,1056481,chromium,87.849,30.267,50.933
mlp49-H8,5856,1056481,firefox,534.088,61.098,73.103
mlp49-H16,9378,1732220,chromium,105.977,30.82,53.302
mlp49-H16,9378,1732220,firefox,580.051,63.192,76.214
mlp49-H32,16819,3162853,chromium,173.684,31.094,67.794
mlp49-H32,16819,3162853,firefox,629.441,81.43,100.872
linear144,5177,954961,chromium,83.031,30.028,37.747
linear144,5177,954961,firefox,551.838,58.005,72.766
mlp144-H8,6024,1084641,chromium,99.62,31.04,50.359
mlp144-H8,6024,1084641,firefox,540.089,59.234,76.017
mlp144-H16,9716,1796634,chromium,114.069,29.89,53.03
mlp144-H16,9716,1796634,firefox,554.529,61.482,68.685
